juzlink,Title,Juzp_no,LinkTitle
content/page-1,Juz-1,1,Juz-1
content/page-22,Juz-2,22,Juz-2
content/page-42,Juz-3,42,Juz-3
content/page-62,Juz-4,62,Juz-4
content/page-82,Juz-5,82,Juz-5
content/page-102,Juz-6,102,Juz-6
content/page-121,Juz-7,121,Juz-7
content/page-142,Juz-8,142,Juz-8
content/page-162,Juz-9,162,Juz-9
content/page-182,Juz-10,182,Juz-10
content/page-201,Juz-11,201,Juz-11
content/page-222,Juz-12,222,Juz-12
content/page-242,Juz-13,242,Juz-13
content/page-262,Juz-14,262,Juz-14
content/page-282,Juz-15,282,Juz-15
content/page-302,Juz-16,302,Juz-16
content/page-322,Juz-17,322,Juz-17
content/page-342,Juz-18,342,Juz-18
content/page-362,Juz-19,362,Juz-19
content/page-382,Juz-20,382,Juz-20
content/page-402,Juz-21,402,Juz-21
content/page-422,Juz-22,422,Juz-22
content/page-442,Juz-23,442,Juz-23
content/page-462,Juz-24,462,Juz-24
content/page-482,Juz-25,482,Juz-25
content/page-502,Juz-26,502,Juz-26
content/page-522,Juz-27,522,Juz-27
content/page-542,Juz-28,542,Juz-28
content/page-562,Juz-29,562,Juz-29
content/page-582,Juz-30,582,Juz-30
